"Origen Atributos","codsap","desproductosap","unidadmedidabase","codproducto","codgrupoarticulo","desgrupoarticulo","codunidadnegocio","codjerq01","codmarca","desmarca","codigonegocio","desnegocio","codatributo1","desatributo1","codatributo2","desatributo2","codatributo3","desatributo3","peticionborrado","tipoean","codean13","codcuc","descripcioncuc","codcuctono","descripcioncuctono","codlinea","deslinea","codjerq02","desjerq02","codcategoria","descategoria","codsubcategoria","dessubcategoria","codtipo","destipo","codsubtipo","dessubtipo","codproductogenerico","desproductogenerico","codproductosupergenerico","desproductosupergenerico","largo","ancho","volumen","pesobruto","alto","unidadlongitud","unidadvolumen","unidadpeso","codclasemkt","aplicacionlugaruso","beneficio","descaracteristicabulk","edadobjetivo","familiafragancia","gama","grupoproductoac","mercado","presentacionenvase","sexo","sexoedadobjetivo","teoriacolor","tipoestuche","tipopielcabello","tipoproducto","contenidoneto","umcontenido","acabadoaccessorios","acabadocajareloj","acabadoluna","adicional","caracteristicastirasasas","caracteristicasbijouterie","cierrecomplementos","clasificacionproductos","colorcorrea","colorluna","colormarco","colortono","colortonocajareloj","detallecaja","detalleespecifi","detalleproducto","detallesuela","detallebrazo","detallemarcolentes","dialacabado","colorreloj","disenocomplementos","tipoestampado","estiloaccesorio","estiloropa","formacaja","grosorbrazo","grupoproductoshogar","insumocajareloj","insumomaterialprimario","insumocomplementario","materialcajareloj","modelolentes","niveles","nombregenericoaccesorio","nombregenerico","ocasionusoaccesorio","ocasionusoropa","origenaccesorio","tipoplaneacion","posicionamiento","presentacionforma","rotulosfila","subtipoprodhogar","subtipoprodcomplementos","tallatamano","tema","tematico","tipoluna","tipomaterial","tipomaterialropacalzado","tipomaterialbrazolente","tipotirasasas","tipologiareloj","tirasasas","versatilidad"
"SAP","200100066","LB LECLAT SET C17 3UNI","UNI","P0445019006","0101","Fragancias","Cosmeticos","01010100010009","01","L'BEL","0101","FRAGANCIAS","0001","FEMENINO","0009","ESTUCHE","","","","","","","","","","LB FEMENINA P3 BAJA","LECLAT","1101165056999","FRAGANCIAS/DAMAS/ESTUCHES/VARIOS","01","FRAGANCIAS","165","DAMAS","056","ESTUCHES","999","VARIOS","","","","","0.000","0.000","0.000","0.000","0.000","MM","CM3","G","Fragancias","","Balance","No Aplica Estuches","","Floral Acuosa","","","Fraga Estuches Femeninos","Estuche","Femenino","","","Set de Venta","","Estuche","3.0","Un","","","","","","","","","","","","","","","","","","","","","","","","","","","","","","","","","","","","","","","","","","","","","","","","","","","","","","","",""
"SAP","210093503","CAJA BCP 2019","UNI","P0907221256","0503","Material Apoyo Venta","Apoyo","02050","02","ESIKA","050","NEGOCIOS DE APOYO","","","","","","","","","","","","","","SIN LINEA EN PARTICULAR","SIN LINEA EN PARTICULAR","7099999999999","VARIOS/VARIOS/VARIOS/VARIOS","99","VARIOS","999","VARIOS","999","VARIOS","999","VARIOS","","","","","28.800","28.600","4.036","200.000","4.900","MM","CM3","G","","","","","","","","","","","","","","","","","","","","","","","","","","","","","","","","","","","","","","","","","","","","","","","","","","","","","","","","","","","","","","","","","","","","","","","","","",""
"SAP","210093426","FI SERENDIPITY PUL","UNI","P0592889191","020104","Pulseras","Accesorios","020201","02","ESIKA","0201","BIJOUTERIE","","","","","","","","","","","","","","ESIKA ACCESORIOS","ESIKA ACCESORIOS","2021165174404","BIJOUTERIE/DAMAS/PULSERA/ORO CON CRISTALES","21","BIJOUTERIE","165","DAMAS","174","PULSERA","404","ORO CON CRISTALES","","","","","0.000","0.000","0.000","0.000","0.000","","","","Bijouterie","","","","","","","","","","","","","","","","","","","","","","","","","","","","","","","","","","","","","","","","","","","","","","","","","","","","","","","","","","","","","","","","","","","","","","","","",""
"SAP","210093420","FI SILVER IN LOVE ANI T6","UNI","P0592833011","020105","Anillos","Accesorios","020201","02","ESIKA","0201","BIJOUTERIE","","","","","","","","","","","","","","ESIKA ACCESORIOS","ESIKA ACCESORIOS","2021165481404","BIJOUTERIE/DAMAS/ANILLO/ORO CON CRISTALES","21","BIJOUTERIE","165","DAMAS","481","ANILLO","404","ORO CON CRISTALES","P0592833001","FI SILVER IN LOVE ANI GENERICO","","","0.000","0.000","0.000","0.000","0.000","","","","Bijouterie","","","","","","","","","","","","","","","","","","","","","","","","","","","","","","","","","","","","","","","","","","","","","","","","","","","","","","","","","","","","","","","","","","","","","","","","",""
"SAP","210093421","FI SILVER IN LOVE ANI T7","UNI","P0592833021","020105","Anillos","Accesorios","020201","02","ESIKA","0201","BIJOUTERIE","","","","","","","","","","","","","","ESIKA ACCESORIOS","ESIKA ACCESORIOS","2021165481404","BIJOUTERIE/DAMAS/ANILLO/ORO CON CRISTALES","21","BIJOUTERIE","165","DAMAS","481","ANILLO","404","ORO CON CRISTALES","P0592833001","FI SILVER IN LOVE ANI GENERICO","","","0.000","0.000","0.000","0.000","0.000","","","","Bijouterie","","","","","","","","","","","","","","","","","","","","","","","","","","","","","","","","","","","","","","","","","","","","","","","","","","","","","","","","","","","","","","","","","","","","","","","","",""
"SAP","210093422","FI SILVER IN LOVE ANI T8","UNI","P0592833031","020105","Anillos","Accesorios","020201","02","ESIKA","0201","BIJOUTERIE","","","","","","","","","","","","","","ESIKA ACCESORIOS","ESIKA ACCESORIOS","2021165481404","BIJOUTERIE/DAMAS/ANILLO/ORO CON CRISTALES","21","BIJOUTERIE","165","DAMAS","481","ANILLO","404","ORO CON CRISTALES","P0592833001","FI SILVER IN LOVE ANI GENERICO","","","0.000","0.000","0.000","0.000","0.000","","","","Bijouterie","","","","","","","","","","","","","","","","","","","","","","","","","","","","","","","","","","","","","","","","","","","","","","","","","","","","","","","","","","","","","","","","","","","","","","","","",""
"SAP","210093423","FI SILVER IN LOVE ANI T9","UNI","P0592833041","020105","Anillos","Accesorios","020201","02","ESIKA","0201","BIJOUTERIE","","","","","","","","","","","","","","ESIKA ACCESORIOS","ESIKA ACCESORIOS","2021165481404","BIJOUTERIE/DAMAS/ANILLO/ORO CON CRISTALES","21","BIJOUTERIE","165","DAMAS","481","ANILLO","404","ORO CON CRISTALES","P0592833001","FI SILVER IN LOVE ANI GENERICO","","","0.000","0.000","0.000","0.000","0.000","","","","Bijouterie","","","","","","","","","","","","","","","","","","","","","","","","","","","","","","","","","","","","","","","","","","","","","","","","","","","","","","","","","","","","","","","","","","","","","","","","",""
"SAP","210093425","FI GOLD IN LOVE EST C+A","UNI","P0596047396","020106","Estuches","Accesorios","020201","02","ESIKA","0201","BIJOUTERIE","","","","","","","","","","","","","","ESIKA ACCESORIOS","ESIKA ACCESORIOS","2021165488407","BIJOUTERIE/DAMAS/ESTUCHE ARETES+COLLAR/ORO CON PERLAS","21","BIJOUTERIE","165","DAMAS","488","ESTUCHE ARETES+COLLAR","407","ORO CON PERLAS","","","","","0.000","0.000","0.000","0.000","0.000","","","","Bijouterie","","","","","","","","","","","","","","","","","","","","","","","","","","","","","","","","","","","","","","","","","","","","","","","","","","","","","","","","","","","","","","","","","","","","","","","","",""
"SAP","210093428","K COLLAR COMERCIAL (DISP 4)","UNI","P0599002913","020102","Collares","Accesorios","990201","99","GENERICA","0201","BIJOUTERIE","","","","","","","","","","","","","","SIN LINEA EN PARTICULAR","SIN LINEA EN PARTICULAR","2088999094357","DAMAS/VARIOS/CLASICO/A","88","DAMAS","999","VARIOS","094","CLASICO","357","A","","","","","0.000","0.000","0.000","0.000","0.000","","","","Bijouterie","","","","","","","","","","","","","","","","","","","","","","","","","","","","","","","","","","","","","","","","","","","","","","","","","","","","","","","","","","","","","","","","","","","","","","","","",""
"SAP","210093429","K COLLAR COMERCIAL (DISP 5)","UNI","P0599002914","020102","Collares","Accesorios","990201","99","GENERICA","0201","BIJOUTERIE","","","","","","","","","","","","","","SIN LINEA EN PARTICULAR","SIN LINEA EN PARTICULAR","2088999094357","DAMAS/VARIOS/CLASICO/A","88","DAMAS","999","VARIOS","094","CLASICO","357","A","","","","","0.000","0.000","0.000","0.000","0.000","","","","Bijouterie","","","","","","","","","","","","","","","","","","","","","","","","","","","","","","","","","","","","","","","","","","","","","","","","","","","","","","","","","","","","","","","","","","","","","","","","",""
"SAP","210093430","K COLLAR COMERCIAL (DISP 6)","UNI","P0599002915","020102","Collares","Accesorios","990201","99","GENERICA","0201","BIJOUTERIE","","","","","","","","","","","","","","SIN LINEA EN PARTICULAR","SIN LINEA EN PARTICULAR","2088999094357","DAMAS/VARIOS/CLASICO/A","88","DAMAS","999","VARIOS","094","CLASICO","357","A","","","","","0.000","0.000","0.000","0.000","0.000","","","","Bijouterie","","","","","","","","","","","","","","","","","","","","","","","","","","","","","","","","","","","","","","","","","","","","","","","","","","","","","","","","","","","","","","","","","","","","","","","","",""
"SAP","210093431","CK COLLAR COMERCIAL (DISP 7)","UNI","P0599002916","020102","Collares","Accesorios","990201","99","GENERICA","0201","BIJOUTERIE","","","","","","","","","","","","","","SIN LINEA EN PARTICULAR","SIN LINEA EN PARTICULAR","2088999094357","DAMAS/VARIOS/CLASICO/A","88","DAMAS","999","VARIOS","094","CLASICO","357","A","","","","","0.000","0.000","0.000","0.000","0.000","","","","Bijouterie","","","","","","","","","","","","","","","","","","","","","","","","","","","","","","","","","","","","","","","","","","","","","","","","","","","","","","","","","","","","","","","","","","","","","","","","",""
"SAP","210093432","K COLLAR COMERCIAL (DISP 8)","UNI","P0599002917","020102","Collares","Accesorios","990201","99","GENERICA","0201","BIJOUTERIE","","","","","","","","","","","","","","SIN LINEA EN PARTICULAR","SIN LINEA EN PARTICULAR","2088999094357","DAMAS/VARIOS/CLASICO/A","88","DAMAS","999","VARIOS","094","CLASICO","357","A","","","","","0.000","0.000","0.000","0.000","0.000","","","","Bijouterie","","","","","","","","","","","","","","","","","","","","","","","","","","","","","","","","","","","","","","","","","","","","","","","","","","","","","","","","","","","","","","","","","","","","","","","","",""
"SAP","210093433","K COLLAR COMERCIAL (DISP 9)","UNI","P0599002918","020102","Collares","Accesorios","990201","99","GENERICA","0201","BIJOUTERIE","","","","","","","","","","","","","","SIN LINEA EN PARTICULAR","SIN LINEA EN PARTICULAR","2088999094357","DAMAS/VARIOS/CLASICO/A","88","DAMAS","999","VARIOS","094","CLASICO","357","A","","","","","0.000","0.000","0.000","0.000","0.000","","","","Bijouterie","","","","","","","","","","","","","","","","","","","","","","","","","","","","","","","","","","","","","","","","","","","","","","","","","","","","","","","","","","","","","","","","","","","","","","","","",""
"SAP","210093435","K COLLAR COMERCIAL (DISP 10)","UNI","P0599002919","020102","Collares","Accesorios","990201","99","GENERICA","0201","BIJOUTERIE","","","","","","","","","","","","","","SIN LINEA EN PARTICULAR","SIN LINEA EN PARTICULAR","2088999094357","DAMAS/VARIOS/CLASICO/A","88","DAMAS","999","VARIOS","094","CLASICO","357","A","","","","","0.000","0.000","0.000","0.000","0.000","","","","Bijouterie","","","","","","","","","","","","","","","","","","","","","","","","","","","","","","","","","","","","","","","","","","","","","","","","","","","","","","","","","","","","","","","","","","","","","","","","",""
"SAP","210093436","K COLLAR COMERCIAL (DISP 11)","UNI","P0599002920","020102","Collares","Accesorios","990201","99","GENERICA","0201","BIJOUTERIE","","","","","","","","","","","","","","SIN LINEA EN PARTICULAR","SIN LINEA EN PARTICULAR","2088999094357","DAMAS/VARIOS/CLASICO/A","88","DAMAS","999","VARIOS","094","CLASICO","357","A","","","","","0.000","0.000","0.000","0.000","0.000","","","","Bijouterie","","","","","","","","","","","","","","","","","","","","","","","","","","","","","","","","","","","","","","","","","","","","","","","","","","","","","","","","","","","","","","","","","","","","","","","","",""
"SAP","210093437","K COLLAR COMERCIAL (DISP 12)","UNI","P0599002921","020102","Collares","Accesorios","990201","99","GENERICA","0201","BIJOUTERIE","","","","","","","","","","","","","","SIN LINEA EN PARTICULAR","SIN LINEA EN PARTICULAR","2088999094357","DAMAS/VARIOS/CLASICO/A","88","DAMAS","999","VARIOS","094","CLASICO","357","A","","","","","0.000","0.000","0.000","0.000","0.000","","","","Bijouterie","","","","","","","","","","","","","","","","","","","","","","","","","","","","","","","","","","","","","","","","","","","","","","","","","","","","","","","","","","","","","","","","","","","","","","","","",""
"SAP","210093438","K COLLAR COMERCIAL (DISP 13)","UNI","P0599002922","020102","Collares","Accesorios","990201","99","GENERICA","0201","BIJOUTERIE","","","","","","","","","","","","","","SIN LINEA EN PARTICULAR","SIN LINEA EN PARTICULAR","2088999094357","DAMAS/VARIOS/CLASICO/A","88","DAMAS","999","VARIOS","094","CLASICO","357","A","","","","","0.000","0.000","0.000","0.000","0.000","","","","Bijouterie","","","","","","","","","","","","","","","","","","","","","","","","","","","","","","","","","","","","","","","","","","","","","","","","","","","","","","","","","","","","","","","","","","","","","","","","",""
"SAP","210093439","K COLLAR COMERCIAL (DISP 14)","UNI","P0599002923","020102","Collares","Accesorios","990201","99","GENERICA","0201","BIJOUTERIE","","","","","","","","","","","","","","SIN LINEA EN PARTICULAR","SIN LINEA EN PARTICULAR","2088999094357","DAMAS/VARIOS/CLASICO/A","88","DAMAS","999","VARIOS","094","CLASICO","357","A","","","","","0.000","0.000","0.000","0.000","0.000","","","","Bijouterie","","","","","","","","","","","","","","","","","","","","","","","","","","","","","","","","","","","","","","","","","","","","","","","","","","","","","","","","","","","","","","","","","","","","","","","","",""
"SAP","210093440","K COLLAR COMERCIAL (DISP 15)","UNI","P0599002924","020102","Collares","Accesorios","990201","99","GENERICA","0201","BIJOUTERIE","","","","","","","","","","","","","","SIN LINEA EN PARTICULAR","SIN LINEA EN PARTICULAR","2088999094357","DAMAS/VARIOS/CLASICO/A","88","DAMAS","999","VARIOS","094","CLASICO","357","A","","","","","0.000","0.000","0.000","0.000","0.000","","","","Bijouterie","","","","","","","","","","","","","","","","","","","","","","","","","","","","","","","","","","","","","","","","","","","","","","","","","","","","","","","","","","","","","","","","","","","","","","","","",""
"SAP","210093441","K COLLAR COMERCIAL (DISP 16)","UNI","P0599002925","020102","Collares","Accesorios","990201","99","GENERICA","0201","BIJOUTERIE","","","","","","","","","","","","","","SIN LINEA EN PARTICULAR","SIN LINEA EN PARTICULAR","2088999094357","DAMAS/VARIOS/CLASICO/A","88","DAMAS","999","VARIOS","094","CLASICO","357","A","","","","","0.000","0.000","0.000","0.000","0.000","","","","Bijouterie","","","","","","","","","","","","","","","","","","","","","","","","","","","","","","","","","","","","","","","","","","","","","","","","","","","","","","","","","","","","","","","","","","","","","","","","",""
"SAP","210093442","K COLLAR COMERCIAL (DISP 17)","UNI","P0599002926","020102","Collares","Accesorios","990201","99","GENERICA","0201","BIJOUTERIE","","","","","","","","","","","","","","SIN LINEA EN PARTICULAR","SIN LINEA EN PARTICULAR","2088999094357","DAMAS/VARIOS/CLASICO/A","88","DAMAS","999","VARIOS","094","CLASICO","357","A","","","","","0.000","0.000","0.000","0.000","0.000","","","","Bijouterie","","","","","","","","","","","","","","","","","","","","","","","","","","","","","","","","","","","","","","","","","","","","","","","","","","","","","","","","","","","","","","","","","","","","","","","","",""
"SAP","210093443","K COLLAR COMERCIAL (DISP 18)","UNI","P0599002927","020102","Collares","Accesorios","990201","99","GENERICA","0201","BIJOUTERIE","","","","","","","","","","","","","","SIN LINEA EN PARTICULAR","SIN LINEA EN PARTICULAR","2088999094357","DAMAS/VARIOS/CLASICO/A","88","DAMAS","999","VARIOS","094","CLASICO","357","A","","","","","0.000","0.000","0.000","0.000","0.000","","","","Bijouterie","","","","","","","","","","","","","","","","","","","","","","","","","","","","","","","","","","","","","","","","","","","","","","","","","","","","","","","","","","","","","","","","","","","","","","","","",""
"SAP","210093444","K COLLAR COMERCIAL (DISP 19)","UNI","P0599002928","020102","Collares","Accesorios","990201","99","GENERICA","0201","BIJOUTERIE","","","","","","","","","","","","","","SIN LINEA EN PARTICULAR","SIN LINEA EN PARTICULAR","2088999094357","DAMAS/VARIOS/CLASICO/A","88","DAMAS","999","VARIOS","094","CLASICO","357","A","","","","","0.000","0.000","0.000","0.000","0.000","","","","Bijouterie","","","","","","","","","","","","","","","","","","","","","","","","","","","","","","","","","","","","","","","","","","","","","","","","","","","","","","","","","","","","","","","","","","","","","","","","",""
"SAP","210093445","K COLLAR COMERCIAL (DISP 20)","UNI","P0599002929","020102","Collares","Accesorios","990201","99","GENERICA","0201","BIJOUTERIE","","","","","","","","","","","","","","SIN LINEA EN PARTICULAR","SIN LINEA EN PARTICULAR","2088999094357","DAMAS/VARIOS/CLASICO/A","88","DAMAS","999","VARIOS","094","CLASICO","357","A","","","","","0.000","0.000","0.000","0.000","0.000","","","","Bijouterie","","","","","","","","","","","","","","","","","","","","","","","","","","","","","","","","","","","","","","","","","","","","","","","","","","","","","","","","","","","","","","","","","","","","","","","","",""
"SAP","210093446","K COLLAR COMERCIAL (DISP 21)","UNI","P0599002930","020102","Collares","Accesorios","990201","99","GENERICA","0201","BIJOUTERIE","","","","","","","","","","","","","","SIN LINEA EN PARTICULAR","SIN LINEA EN PARTICULAR","2088999094357","DAMAS/VARIOS/CLASICO/A","88","DAMAS","999","VARIOS","094","CLASICO","357","A","","","","","0.000","0.000","0.000","0.000","0.000","","","","Bijouterie","","","","","","","","","","","","","","","","","","","","","","","","","","","","","","","","","","","","","","","","","","","","","","","","","","","","","","","","","","","","","","","","","","","","","","","","",""
"SAP","210093447","K COLLAR COMERCIAL (DISP 22)","UNI","P0599002931","020102","Collares","Accesorios","990201","99","GENERICA","0201","BIJOUTERIE","","","","","","","","","","","","","","SIN LINEA EN PARTICULAR","SIN LINEA EN PARTICULAR","2088999094357","DAMAS/VARIOS/CLASICO/A","88","DAMAS","999","VARIOS","094","CLASICO","357","A","","","","","0.000","0.000","0.000","0.000","0.000","","","","Bijouterie","","","","","","","","","","","","","","","","","","","","","","","","","","","","","","","","","","","","","","","","","","","","","","","","","","","","","","","","","","","","","","","","","","","","","","","","",""
"SAP","210093448","K COLLAR COMERCIAL (DISP 23)","UNI","P0599002932","020102","Collares","Accesorios","990201","99","GENERICA","0201","BIJOUTERIE","","","","","","","","","","","","","","SIN LINEA EN PARTICULAR","SIN LINEA EN PARTICULAR","2088999094357","DAMAS/VARIOS/CLASICO/A","88","DAMAS","999","VARIOS","094","CLASICO","357","A","","","","","0.000","0.000","0.000","0.000","0.000","","","","Bijouterie","","","","","","","","","","","","","","","","","","","","","","","","","","","","","","","","","","","","","","","","","","","","","","","","","","","","","","","","","","","","","","","","","","","","","","","","",""
"SAP","210093449","K COLLAR COMERCIAL (DISP 24)","UNI","P0599002933","020102","Collares","Accesorios","990201","99","GENERICA","0201","BIJOUTERIE","","","","","","","","","","","","","","SIN LINEA EN PARTICULAR","SIN LINEA EN PARTICULAR","2088999094357","DAMAS/VARIOS/CLASICO/A","88","DAMAS","999","VARIOS","094","CLASICO","357","A","","","","","0.000","0.000","0.000","0.000","0.000","","","","Bijouterie","","","","","","","","","","","","","","","","","","","","","","","","","","","","","","","","","","","","","","","","","","","","","","","","","","","","","","","","","","","","","","","","","","","","","","","","",""
"SAP","210093450","K COLLAR COMERCIAL (DISP 25)","UNI","P0599002934","020102","Collares","Accesorios","990201","99","GENERICA","0201","BIJOUTERIE","","","","","","","","","","","","","","SIN LINEA EN PARTICULAR","SIN LINEA EN PARTICULAR","2088999094357","DAMAS/VARIOS/CLASICO/A","88","DAMAS","999","VARIOS","094","CLASICO","357","A","","","","","0.000","0.000","0.000","0.000","0.000","","","","Bijouterie","","","","","","","","","","","","","","","","","","","","","","","","","","","","","","","","","","","","","","","","","","","","","","","","","","","","","","","","","","","","","","","","","","","","","","","","",""
"SAP","210093451","K COLLAR COMERCIAL (DISP 26)","UNI","P0599002935","020102","Collares","Accesorios","990201","99","GENERICA","0201","BIJOUTERIE","","","","","","","","","","","","","","SIN LINEA EN PARTICULAR","SIN LINEA EN PARTICULAR","2088999094357","DAMAS/VARIOS/CLASICO/A","88","DAMAS","999","VARIOS","094","CLASICO","357","A","","","","","0.000","0.000","0.000","0.000","0.000","","","","Bijouterie","","","","","","","","","","","","","","","","","","","","","","","","","","","","","","","","","","","","","","","","","","","","","","","","","","","","","","","","","","","","","","","","","","","","","","","","",""
"SAP","210093452","K COLLAR COMERCIAL (DISP 27)","UNI","P0599002936","020102","Collares","Accesorios","990201","99","GENERICA","0201","BIJOUTERIE","","","","","","","","","","","","","","SIN LINEA EN PARTICULAR","SIN LINEA EN PARTICULAR","2088999094357","DAMAS/VARIOS/CLASICO/A","88","DAMAS","999","VARIOS","094","CLASICO","357","A","","","","","0.000","0.000","0.000","0.000","0.000","","","","Bijouterie","","","","","","","","","","","","","","","","","","","","","","","","","","","","","","","","","","","","","","","","","","","","","","","","","","","","","","","","","","","","","","","","","","","","","","","","",""
"SAP","210093453","K COLLAR COMERCIAL (DISP 28)","UNI","P0599002937","020102","Collares","Accesorios","990201","99","GENERICA","0201","BIJOUTERIE","","","","","","","","","","","","","","SIN LINEA EN PARTICULAR","SIN LINEA EN PARTICULAR","2088999094357","DAMAS/VARIOS/CLASICO/A","88","DAMAS","999","VARIOS","094","CLASICO","357","A","","","","","0.000","0.000","0.000","0.000","0.000","","","","Bijouterie","","","","","","","","","","","","","","","","","","","","","","","","","","","","","","","","","","","","","","","","","","","","","","","","","","","","","","","","","","","","","","","","","","","","","","","","",""
"SAP","210093454","K COLLAR COMERCIAL (DISP 29)","UNI","P0599002938","020102","Collares","Accesorios","990201","99","GENERICA","0201","BIJOUTERIE","","","","","","","","","","","","","","SIN LINEA EN PARTICULAR","SIN LINEA EN PARTICULAR","2088999094357","DAMAS/VARIOS/CLASICO/A","88","DAMAS","999","VARIOS","094","CLASICO","357","A","","","","","0.000","0.000","0.000","0.000","0.000","","","","Bijouterie","","","","","","","","","","","","","","","","","","","","","","","","","","","","","","","","","","","","","","","","","","","","","","","","","","","","","","","","","","","","","","","","","","","","","","","","",""
"SAP","210093455","K COLLAR COMERCIAL (DISP 30)","UNI","P0599002939","020102","Collares","Accesorios","990201","99","GENERICA","0201","BIJOUTERIE","","","","","","","","","","","","","","SIN LINEA EN PARTICULAR","SIN LINEA EN PARTICULAR","2088999094357","DAMAS/VARIOS/CLASICO/A","88","DAMAS","999","VARIOS","094","CLASICO","357","A","","","","","0.000","0.000","0.000","0.000","0.000","","","","Bijouterie","","","","","","","","","","","","","","","","","","","","","","","","","","","","","","","","","","","","","","","","","","","","","","","","","","","","","","","","","","","","","","","","","","","","","","","","",""
"SAP","210093456","K ACCESORIOS COMERCIAL(DISP01)","UNI","P0599003017","020103","Hebillas/ Accesorios","Accesorios","990201","99","GENERICA","0201","BIJOUTERIE","","","","","","","","","","","","","","SIN LINEA EN PARTICULAR","SIN LINEA EN PARTICULAR","2088999094357","DAMAS/VARIOS/CLASICO/A","88","DAMAS","999","VARIOS","094","CLASICO","357","A","","","","","0.000","0.000","0.000","0.000","0.000","","","","Bijouterie","","","","","","","","","","","","","","","","","","","","","","","","","","","","","","","","","","","","","","","","","","","","","","","","","","","","","","","","","","","","","","","","","","","","","","","","",""
"SAP","210093457","K ACCESORIOS COMERCIAL(DISP02)","UNI","P0599003018","020103","Hebillas/ Accesorios","Accesorios","990201","99","GENERICA","0201","BIJOUTERIE","","","","","","","","","","","","","","SIN LINEA EN PARTICULAR","SIN LINEA EN PARTICULAR","2088999094357","DAMAS/VARIOS/CLASICO/A","88","DAMAS","999","VARIOS","094","CLASICO","357","A","","","","","0.000","0.000","0.000","0.000","0.000","","","","Bijouterie","","","","","","","","","","","","","","","","","","","","","","","","","","","","","","","","","","","","","","","","","","","","","","","","","","","","","","","","","","","","","","","","","","","","","","","","",""
"SAP","210093458","K ACCESORIOS COMERCIAL(DISP03)","UNI","P0599003019","020103","Hebillas/ Accesorios","Accesorios","990201","99","GENERICA","0201","BIJOUTERIE","","","","","","","","","","","","","","SIN LINEA EN PARTICULAR","SIN LINEA EN PARTICULAR","2088999094357","DAMAS/VARIOS/CLASICO/A","88","DAMAS","999","VARIOS","094","CLASICO","357","A","","","","","0.000","0.000","0.000","0.000","0.000","","","","Bijouterie","","","","","","","","","","","","","","","","","","","","","","","","","","","","","","","","","","","","","","","","","","","","","","","","","","","","","","","","","","","","","","","","","","","","","","","","",""
"SAP","210093459","K ACCESORIOS COMERCIAL(DISP04)","UNI","P0599003020","020103","Hebillas/ Accesorios","Accesorios","990201","99","GENERICA","0201","BIJOUTERIE","","","","","","","","","","","","","","SIN LINEA EN PARTICULAR","SIN LINEA EN PARTICULAR","2088999094357","DAMAS/VARIOS/CLASICO/A","88","DAMAS","999","VARIOS","094","CLASICO","357","A","","","","","0.000","0.000","0.000","0.000","0.000","","","","Bijouterie","","","","","","","","","","","","","","","","","","","","","","","","","","","","","","","","","","","","","","","","","","","","","","","","","","","","","","","","","","","","","","","","","","","","","","","","",""
"SAP","210093460","K ACCESORIOS COMERCIAL(DISP05)","UNI","P0599003021","020103","Hebillas/ Accesorios","Accesorios","990201","99","GENERICA","0201","BIJOUTERIE","","","","","","","","","","","","","","SIN LINEA EN PARTICULAR","SIN LINEA EN PARTICULAR","2088999094357","DAMAS/VARIOS/CLASICO/A","88","DAMAS","999","VARIOS","094","CLASICO","357","A","","","","","0.000","0.000","0.000","0.000","0.000","","","","Bijouterie","","","","","","","","","","","","","","","","","","","","","","","","","","","","","","","","","","","","","","","","","","","","","","","","","","","","","","","","","","","","","","","","","","","","","","","","",""
"SAP","210093461","K ACCESORIOS COMERCIAL(DISP06)","UNI","P0599003022","020103","Hebillas/ Accesorios","Accesorios","990201","99","GENERICA","0201","BIJOUTERIE","","","","","","","","","","","","","","SIN LINEA EN PARTICULAR","SIN LINEA EN PARTICULAR","2088999094357","DAMAS/VARIOS/CLASICO/A","88","DAMAS","999","VARIOS","094","CLASICO","357","A","","","","","0.000","0.000","0.000","0.000","0.000","","","","Bijouterie","","","","","","","","","","","","","","","","","","","","","","","","","","","","","","","","","","","","","","","","","","","","","","","","","","","","","","","","","","","","","","","","","","","","","","","","",""
"SAP","210093462","K ACCESORIOS COMERCIAL(DISP07)","UNI","P0599003023","020103","Hebillas/ Accesorios","Accesorios","990201","99","GENERICA","0201","BIJOUTERIE","","","","","","","","","","","","","","SIN LINEA EN PARTICULAR","SIN LINEA EN PARTICULAR","2088999094357","DAMAS/VARIOS/CLASICO/A","88","DAMAS","999","VARIOS","094","CLASICO","357","A","","","","","0.000","0.000","0.000","0.000","0.000","","","","Bijouterie","","","","","","","","","","","","","","","","","","","","","","","","","","","","","","","","","","","","","","","","","","","","","","","","","","","","","","","","","","","","","","","","","","","","","","","","",""
"SAP","210093463","K ACCESORIOS COMERCIAL(DISP08)","UNI","P0599003024","020103","Hebillas/ Accesorios","Accesorios","990201","99","GENERICA","0201","BIJOUTERIE","","","","","","","","","","","","","","SIN LINEA EN PARTICULAR","SIN LINEA EN PARTICULAR","2088999094357","DAMAS/VARIOS/CLASICO/A","88","DAMAS","999","VARIOS","094","CLASICO","357","A","","","","","0.000","0.000","0.000","0.000","0.000","","","","Bijouterie","","","","","","","","","","","","","","","","","","","","","","","","","","","","","","","","","","","","","","","","","","","","","","","","","","","","","","","","","","","","","","","","","","","","","","","","",""
"SAP","210093464","K ACCESORIOS COMERCIAL(DISP09)","UNI","P0599003025","020103","Hebillas/ Accesorios","Accesorios","990201","99","GENERICA","0201","BIJOUTERIE","","","","","","","","","","","","","","SIN LINEA EN PARTICULAR","SIN LINEA EN PARTICULAR","2088999094357","DAMAS/VARIOS/CLASICO/A","88","DAMAS","999","VARIOS","094","CLASICO","357","A","","","","","0.000","0.000","0.000","0.000","0.000","","","","Bijouterie","","","","","","","","","","","","","","","","","","","","","","","","","","","","","","","","","","","","","","","","","","","","","","","","","","","","","","","","","","","","","","","","","","","","","","","","",""
"SAP","210093465","K ACCESORIOS COMERCIAL(DISP10)","UNI","P0599003026","020103","Hebillas/ Accesorios","Accesorios","990201","99","GENERICA","0201","BIJOUTERIE","","","","","","","","","","","","","","SIN LINEA EN PARTICULAR","SIN LINEA EN PARTICULAR","2088999094357","DAMAS/VARIOS/CLASICO/A","88","DAMAS","999","VARIOS","094","CLASICO","357","A","","","","","0.000","0.000","0.000","0.000","0.000","","","","Bijouterie","","","","","","","","","","","","","","","","","","","","","","","","","","","","","","","","","","","","","","","","","","","","","","","","","","","","","","","","","","","","","","","","","","","","","","","","",""
"SAP","210093466","K ACCESORIOS COMERCIAL(DISP11)","UNI","P0599003027","020103","Hebillas/ Accesorios","Accesorios","990201","99","GENERICA","0201","BIJOUTERIE","","","","","","","","","","","","","","SIN LINEA EN PARTICULAR","SIN LINEA EN PARTICULAR","2088999094357","DAMAS/VARIOS/CLASICO/A","88","DAMAS","999","VARIOS","094","CLASICO","357","A","","","","","0.000","0.000","0.000","0.000","0.000","","","","Bijouterie","","","","","","","","","","","","","","","","","","","","","","","","","","","","","","","","","","","","","","","","","","","","","","","","","","","","","","","","","","","","","","","","","","","","","","","","",""
"SAP","210093467","K ACCESORIOS COMERCIAL(DISP12)","UNI","P0599003028","020103","Hebillas/ Accesorios","Accesorios","990201","99","GENERICA","0201","BIJOUTERIE","","","","","","","","","","","","","","SIN LINEA EN PARTICULAR","SIN LINEA EN PARTICULAR","2088999094357","DAMAS/VARIOS/CLASICO/A","88","DAMAS","999","VARIOS","094","CLASICO","357","A","","","","","0.000","0.000","0.000","0.000","0.000","","","","Bijouterie","","","","","","","","","","","","","","","","","","","","","","","","","","","","","","","","","","","","","","","","","","","","","","","","","","","","","","","","","","","","","","","","","","","","","","","","",""
"SAP","210093468","K ACCESORIOS COMERCIAL(DISP13)","UNI","P0599003029","020103","Hebillas/ Accesorios","Accesorios","990201","99","GENERICA","0201","BIJOUTERIE","","","","","","","","","","","","","","SIN LINEA EN PARTICULAR","SIN LINEA EN PARTICULAR","2088999094357","DAMAS/VARIOS/CLASICO/A","88","DAMAS","999","VARIOS","094","CLASICO","357","A","","","","","0.000","0.000","0.000","0.000","0.000","","","","Bijouterie","","","","","","","","","","","","","","","","","","","","","","","","","","","","","","","","","","","","","","","","","","","","","","","","","","","","","","","","","","","","","","","","","","","","","","","","",""
"SAP","210093469","K ACCESORIOS COMERCIAL(DISP14)","UNI","P0599003030","020103","Hebillas/ Accesorios","Accesorios","990201","99","GENERICA","0201","BIJOUTERIE","","","","","","","","","","","","","","SIN LINEA EN PARTICULAR","SIN LINEA EN PARTICULAR","2088999094357","DAMAS/VARIOS/CLASICO/A","88","DAMAS","999","VARIOS","094","CLASICO","357","A","","","","","0.000","0.000","0.000","0.000","0.000","","","","Bijouterie","","","","","","","","","","","","","","","","","","","","","","","","","","","","","","","","","","","","","","","","","","","","","","","","","","","","","","","","","","","","","","","","","","","","","","","","",""
"SAP","210093470","K ACCESORIOS COMERCIAL(DISP15)","UNI","P0599003031","020103","Hebillas/ Accesorios","Accesorios","990201","99","GENERICA","0201","BIJOUTERIE","","","","","","","","","","","","","","SIN LINEA EN PARTICULAR","SIN LINEA EN PARTICULAR","2088999094357","DAMAS/VARIOS/CLASICO/A","88","DAMAS","999","VARIOS","094","CLASICO","357","A","","","","","0.000","0.000","0.000","0.000","0.000","","","","Bijouterie","","","","","","","","","","","","","","","","","","","","","","","","","","","","","","","","","","","","","","","","","","","","","","","","","","","","","","","","","","","","","","","","","","","","","","","","",""
"SAP","210093471","K ACCESORIOS COMERCIAL(DISP16)","UNI","P0599003032","020103","Hebillas/ Accesorios","Accesorios","990201","99","GENERICA","0201","BIJOUTERIE","","","","","","","","","","","","","","SIN LINEA EN PARTICULAR","SIN LINEA EN PARTICULAR","2088999094357","DAMAS/VARIOS/CLASICO/A","88","DAMAS","999","VARIOS","094","CLASICO","357","A","","","","","0.000","0.000","0.000","0.000","0.000","","","","Bijouterie","","","","","","","","","","","","","","","","","","","","","","","","","","","","","","","","","","","","","","","","","","","","","","","","","","","","","","","","","","","","","","","","","","","","","","","","",""
"SAP","210093472","K ACCESORIOS COMERCIAL(DISP17)","UNI","P0599003033","020103","Hebillas/ Accesorios","Accesorios","990201","99","GENERICA","0201","BIJOUTERIE","","","","","","","","","","","","","","SIN LINEA EN PARTICULAR","SIN LINEA EN PARTICULAR","2088999094357","DAMAS/VARIOS/CLASICO/A","88","DAMAS","999","VARIOS","094","CLASICO","357","A","","","","","0.000","0.000","0.000","0.000","0.000","","","","Bijouterie","","","","","","","","","","","","","","","","","","","","","","","","","","","","","","","","","","","","","","","","","","","","","","","","","","","","","","","","","","","","","","","","","","","","","","","","",""
"SAP","210093473","K ACCESORIOS COMERCIAL(DISP18)","UNI","P0599003034","020103","Hebillas/ Accesorios","Accesorios","990201","99","GENERICA","0201","BIJOUTERIE","","","","","","","","","","","","","","SIN LINEA EN PARTICULAR","SIN LINEA EN PARTICULAR","2088999094357","DAMAS/VARIOS/CLASICO/A","88","DAMAS","999","VARIOS","094","CLASICO","357","A","","","","","0.000","0.000","0.000","0.000","0.000","","","","Bijouterie","","","","","","","","","","","","","","","","","","","","","","","","","","","","","","","","","","","","","","","","","","","","","","","","","","","","","","","","","","","","","","","","","","","","","","","","",""
"SAP","210093474","K ACCESORIOS COMERCIAL(DISP19)","UNI","P0599003035","020103","Hebillas/ Accesorios","Accesorios","990201","99","GENERICA","0201","BIJOUTERIE","","","","","","","","","","","","","","SIN LINEA EN PARTICULAR","SIN LINEA EN PARTICULAR","2088999094357","DAMAS/VARIOS/CLASICO/A","88","DAMAS","999","VARIOS","094","CLASICO","357","A","","","","","0.000","0.000","0.000","0.000","0.000","","","","Bijouterie","","","","","","","","","","","","","","","","","","","","","","","","","","","","","","","","","","","","","","","","","","","","","","","","","","","","","","","","","","","","","","","","","","","","","","","","",""
"SAP","210093475","K ACCESORIOS COMERCIAL(DISP20)","UNI","P0599003036","020103","Hebillas/ Accesorios","Accesorios","990201","99","GENERICA","0201","BIJOUTERIE","","","","","","","","","","","","","","SIN LINEA EN PARTICULAR","SIN LINEA EN PARTICULAR","2088999094357","DAMAS/VARIOS/CLASICO/A","88","DAMAS","999","VARIOS","094","CLASICO","357","A","","","","","0.000","0.000","0.000","0.000","0.000","","","","Bijouterie","","","","","","","","","","","","","","","","","","","","","","","","","","","","","","","","","","","","","","","","","","","","","","","","","","","","","","","","","","","","","","","","","","","","","","","","",""
"SAP","210093476","K PULSERAS COMERCIAL (DISP 01)","UNI","P0599002972","020104","Pulseras","Accesorios","990201","99","GENERICA","0201","BIJOUTERIE","","","","","","","","","","","","","","SIN LINEA EN PARTICULAR","SIN LINEA EN PARTICULAR","2088999094357","DAMAS/VARIOS/CLASICO/A","88","DAMAS","999","VARIOS","094","CLASICO","357","A","","","","","0.000","0.000","0.000","0.000","0.000","","","","Bijouterie","","","","","","","","","","","","","","","","","","","","","","","","","","","","","","","","","","","","","","","","","","","","","","","","","","","","","","","","","","","","","","","","","","","","","","","","",""
"SAP","210093477","K PULSERAS COMERCIAL (DISP 02)","UNI","P0599002973","020104","Pulseras","Accesorios","990201","99","GENERICA","0201","BIJOUTERIE","","","","","","","","","","","","","","SIN LINEA EN PARTICULAR","SIN LINEA EN PARTICULAR","2088999094357","DAMAS/VARIOS/CLASICO/A","88","DAMAS","999","VARIOS","094","CLASICO","357","A","","","","","0.000","0.000","0.000","0.000","0.000","","","","Bijouterie","","","","","","","","","","","","","","","","","","","","","","","","","","","","","","","","","","","","","","","","","","","","","","","","","","","","","","","","","","","","","","","","","","","","","","","","",""
"SAP","210093478","K PULSERAS COMERCIAL (DISP 03)","UNI","P0599002974","020104","Pulseras","Accesorios","990201","99","GENERICA","0201","BIJOUTERIE","","","","","","","","","","","","","","SIN LINEA EN PARTICULAR","SIN LINEA EN PARTICULAR","2088999094357","DAMAS/VARIOS/CLASICO/A","88","DAMAS","999","VARIOS","094","CLASICO","357","A","","","","","0.000","0.000","0.000","0.000","0.000","","","","Bijouterie","","","","","","","","","","","","","","","","","","","","","","","","","","","","","","","","","","","","","","","","","","","","","","","","","","","","","","","","","","","","","","","","","","","","","","","","",""
"SAP","210093479","K PULSERAS COMERCIAL (DISP 04)","UNI","P0599002975","020104","Pulseras","Accesorios","990201","99","GENERICA","0201","BIJOUTERIE","","","","","","","","","","","","","","SIN LINEA EN PARTICULAR","SIN LINEA EN PARTICULAR","2088999094357","DAMAS/VARIOS/CLASICO/A","88","DAMAS","999","VARIOS","094","CLASICO","357","A","","","","","0.000","0.000","0.000","0.000","0.000","","","","Bijouterie","","","","","","","","","","","","","","","","","","","","","","","","","","","","","","","","","","","","","","","","","","","","","","","","","","","","","","","","","","","","","","","","","","","","","","","","",""
"SAP","210093480","K PULSERAS COMERCIAL (DISP 05)","UNI","P0599002976","020104","Pulseras","Accesorios","990201","99","GENERICA","0201","BIJOUTERIE","","","","","","","","","","","","","","SIN LINEA EN PARTICULAR","SIN LINEA EN PARTICULAR","2088999094357","DAMAS/VARIOS/CLASICO/A","88","DAMAS","999","VARIOS","094","CLASICO","357","A","","","","","0.000","0.000","0.000","0.000","0.000","","","","Bijouterie","","","","","","","","","","","","","","","","","","","","","","","","","","","","","","","","","","","","","","","","","","","","","","","","","","","","","","","","","","","","","","","","","","","","","","","","",""
"SAP","210093481","K PULSERAS COMERCIAL (DISP 06)","UNI","P0599002977","020104","Pulseras","Accesorios","990201","99","GENERICA","0201","BIJOUTERIE","","","","","","","","","","","","","","SIN LINEA EN PARTICULAR","SIN LINEA EN PARTICULAR","2088999094357","DAMAS/VARIOS/CLASICO/A","88","DAMAS","999","VARIOS","094","CLASICO","357","A","","","","","0.000","0.000","0.000","0.000","0.000","","","","Bijouterie","","","","","","","","","","","","","","","","","","","","","","","","","","","","","","","","","","","","","","","","","","","","","","","","","","","","","","","","","","","","","","","","","","","","","","","","",""
"SAP","210093482","K PULSERAS COMERCIAL (DISP 07)","UNI","P0599002978","020104","Pulseras","Accesorios","990201","99","GENERICA","0201","BIJOUTERIE","","","","","","","","","","","","","","SIN LINEA EN PARTICULAR","SIN LINEA EN PARTICULAR","2088999094357","DAMAS/VARIOS/CLASICO/A","88","DAMAS","999","VARIOS","094","CLASICO","357","A","","","","","0.000","0.000","0.000","0.000","0.000","","","","Bijouterie","","","","","","","","","","","","","","","","","","","","","","","","","","","","","","","","","","","","","","","","","","","","","","","","","","","","","","","","","","","","","","","","","","","","","","","","",""
"SAP","210093483","K PULSERAS COMERCIAL (DISP 08)","UNI","P0599002979","020104","Pulseras","Accesorios","990201","99","GENERICA","0201","BIJOUTERIE","","","","","","","","","","","","","","SIN LINEA EN PARTICULAR","SIN LINEA EN PARTICULAR","2088999094357","DAMAS/VARIOS/CLASICO/A","88","DAMAS","999","VARIOS","094","CLASICO","357","A","","","","","0.000","0.000","0.000","0.000","0.000","","","","Bijouterie","","","","","","","","","","","","","","","","","","","","","","","","","","","","","","","","","","","","","","","","","","","","","","","","","","","","","","","","","","","","","","","","","","","","","","","","",""
"SAP","210093484","K PULSERAS COMERCIAL (DISP 09)","UNI","P0599002980","020104","Pulseras","Accesorios","990201","99","GENERICA","0201","BIJOUTERIE","","","","","","","","","","","","","","SIN LINEA EN PARTICULAR","SIN LINEA EN PARTICULAR","2088999094357","DAMAS/VARIOS/CLASICO/A","88","DAMAS","999","VARIOS","094","CLASICO","357","A","","","","","0.000","0.000","0.000","0.000","0.000","","","","Bijouterie","","","","","","","","","","","","","","","","","","","","","","","","","","","","","","","","","","","","","","","","","","","","","","","","","","","","","","","","","","","","","","","","","","","","","","","","",""
"SAP","210093487","K PULSERAS COMERCIAL (DISP 10)","UNI","P0599002981","020104","Pulseras","Accesorios","990201","99","GENERICA","0201","BIJOUTERIE","","","","","","","","","","","","","","SIN LINEA EN PARTICULAR","SIN LINEA EN PARTICULAR","2088999094357","DAMAS/VARIOS/CLASICO/A","88","DAMAS","999","VARIOS","094","CLASICO","357","A","","","","","0.000","0.000","0.000","0.000","0.000","","","","Bijouterie","","","","","","","","","","","","","","","","","","","","","","","","","","","","","","","","","","","","","","","","","","","","","","","","","","","","","","","","","","","","","","","","","","","","","","","","",""
"SAP","210093488","K PULSERAS COMERCIAL (DISP 11)","UNI","P0599002982","020104","Pulseras","Accesorios","990201","99","GENERICA","0201","BIJOUTERIE","","","","","","","","","","","","","","SIN LINEA EN PARTICULAR","SIN LINEA EN PARTICULAR","2088999094357","DAMAS/VARIOS/CLASICO/A","88","DAMAS","999","VARIOS","094","CLASICO","357","A","","","","","0.000","0.000","0.000","0.000","0.000","","","","Bijouterie","","","","","","","","","","","","","","","","","","","","","","","","","","","","","","","","","","","","","","","","","","","","","","","","","","","","","","","","","","","","","","","","","","","","","","","","",""
"SAP","210093489","K PULSERAS COMERCIAL (DISP 12)","UNI","P0599002983","020104","Pulseras","Accesorios","990201","99","GENERICA","0201","BIJOUTERIE","","","","","","","","","","","","","","SIN LINEA EN PARTICULAR","SIN LINEA EN PARTICULAR","2088999094357","DAMAS/VARIOS/CLASICO/A","88","DAMAS","999","VARIOS","094","CLASICO","357","A","","","","","0.000","0.000","0.000","0.000","0.000","","","","Bijouterie","","","","","","","","","","","","","","","","","","","","","","","","","","","","","","","","","","","","","","","","","","","","","","","","","","","","","","","","","","","","","","","","","","","","","","","","",""
"SAP","210093490","K PULSERAS COMERCIAL (DISP 13)","UNI","P0599002984","020104","Pulseras","Accesorios","990201","99","GENERICA","0201","BIJOUTERIE","","","","","","","","","","","","","","SIN LINEA EN PARTICULAR","SIN LINEA EN PARTICULAR","2088999094357","DAMAS/VARIOS/CLASICO/A","88","DAMAS","999","VARIOS","094","CLASICO","357","A","","","","","0.000","0.000","0.000","0.000","0.000","","","","Bijouterie","","","","","","","","","","","","","","","","","","","","","","","","","","","","","","","","","","","","","","","","","","","","","","","","","","","","","","","","","","","","","","","","","","","","","","","","",""
"SAP","210093491","K PULSERAS COMERCIAL (DISP 14)","UNI","P0599002985","020104","Pulseras","Accesorios","990201","99","GENERICA","0201","BIJOUTERIE","","","","","","","","","","","","","","SIN LINEA EN PARTICULAR","SIN LINEA EN PARTICULAR","2088999094357","DAMAS/VARIOS/CLASICO/A","88","DAMAS","999","VARIOS","094","CLASICO","357","A","","","","","0.000","0.000","0.000","0.000","0.000","","","","Bijouterie","","","","","","","","","","","","","","","","","","","","","","","","","","","","","","","","","","","","","","","","","","","","","","","","","","","","","","","","","","","","","","","","","","","","","","","","",""
"SAP","210093492","K PULSERAS COMERCIAL (DISP 15)","UNI","P0599002986","020104","Pulseras","Accesorios","990201","99","GENERICA","0201","BIJOUTERIE","","","","","","","","","","","","","","SIN LINEA EN PARTICULAR","SIN LINEA EN PARTICULAR","2088999094357","DAMAS/VARIOS/CLASICO/A","88","DAMAS","999","VARIOS","094","CLASICO","357","A","","","","","0.000","0.000","0.000","0.000","0.000","","","","Bijouterie","","","","","","","","","","","","","","","","","","","","","","","","","","","","","","","","","","","","","","","","","","","","","","","","","","","","","","","","","","","","","","","","","","","","","","","","",""
"SAP","210093493","K PULSERAS COMERCIAL (DISP 16)","UNI","P0599002987","020104","Pulseras","Accesorios","990201","99","GENERICA","0201","BIJOUTERIE","","","","","","","","","","","","","","SIN LINEA EN PARTICULAR","SIN LINEA EN PARTICULAR","2088999094357","DAMAS/VARIOS/CLASICO/A","88","DAMAS","999","VARIOS","094","CLASICO","357","A","","","","","0.000","0.000","0.000","0.000","0.000","","","","Bijouterie","","","","","","","","","","","","","","","","","","","","","","","","","","","","","","","","","","","","","","","","","","","","","","","","","","","","","","","","","","","","","","","","","","","","","","","","",""
"SAP","210093494","K PULSERAS COMERCIAL (DISP 17)","UNI","P0599002988","020104","Pulseras","Accesorios","990201","99","GENERICA","0201","BIJOUTERIE","","","","","","","","","","","","","","SIN LINEA EN PARTICULAR","SIN LINEA EN PARTICULAR","2088999094357","DAMAS/VARIOS/CLASICO/A","88","DAMAS","999","VARIOS","094","CLASICO","357","A","","","","","0.000","0.000","0.000","0.000","0.000","","","","Bijouterie","","","","","","","","","","","","","","","","","","","","","","","","","","","","","","","","","","","","","","","","","","","","","","","","","","","","","","","","","","","","","","","","","","","","","","","","",""
"SAP","210093495","K PULSERAS COMERCIAL (DISP 18)","UNI","P0599002989","020104","Pulseras","Accesorios","990201","99","GENERICA","0201","BIJOUTERIE","","","","","","","","","","","","","","SIN LINEA EN PARTICULAR","SIN LINEA EN PARTICULAR","2088999094357","DAMAS/VARIOS/CLASICO/A","88","DAMAS","999","VARIOS","094","CLASICO","357","A","","","","","0.000","0.000","0.000","0.000","0.000","","","","Bijouterie","","","","","","","","","","","","","","","","","","","","","","","","","","","","","","","","","","","","","","","","","","","","","","","","","","","","","","","","","","","","","","","","","","","","","","","","",""
"SAP","210093496","K PULSERAS COMERCIAL (DISP 19)","UNI","P0599002990","020104","Pulseras","Accesorios","990201","99","GENERICA","0201","BIJOUTERIE","","","","","","","","","","","","","","SIN LINEA EN PARTICULAR","SIN LINEA EN PARTICULAR","2088999094357","DAMAS/VARIOS/CLASICO/A","88","DAMAS","999","VARIOS","094","CLASICO","357","A","","","","","0.000","0.000","0.000","0.000","0.000","","","","Bijouterie","","","","","","","","","","","","","","","","","","","","","","","","","","","","","","","","","","","","","","","","","","","","","","","","","","","","","","","","","","","","","","","","","","","","","","","","",""
"SAP","210093497","K PULSERAS COMERCIAL (DISP 20)","UNI","P0599002991","020104","Pulseras","Accesorios","990201","99","GENERICA","0201","BIJOUTERIE","","","","","","","","","","","","","","SIN LINEA EN PARTICULAR","SIN LINEA EN PARTICULAR","2088999094357","DAMAS/VARIOS/CLASICO/A","88","DAMAS","999","VARIOS","094","CLASICO","357","A","","","","","0.000","0.000","0.000","0.000","0.000","","","","Bijouterie","","","","","","","","","","","","","","","","","","","","","","","","","","","","","","","","","","","","","","","","","","","","","","","","","","","","","","","","","","","","","","","","","","","","","","","","",""
"SAP","210093498","K PULSERAS COMERCIAL (DISP 21)","UNI","P0599002992","020104","Pulseras","Accesorios","990201","99","GENERICA","0201","BIJOUTERIE","","","","","","","","","","","","","","SIN LINEA EN PARTICULAR","SIN LINEA EN PARTICULAR","2088999094357","DAMAS/VARIOS/CLASICO/A","88","DAMAS","999","VARIOS","094","CLASICO","357","A","","","","","0.000","0.000","0.000","0.000","0.000","","","","Bijouterie","","","","","","","","","","","","","","","","","","","","","","","","","","","","","","","","","","","","","","","","","","","","","","","","","","","","","","","","","","","","","","","","","","","","","","","","",""
"SAP","210093499","K PULSERAS COMERCIAL (DISP 22)","UNI","P0599002993","020104","Pulseras","Accesorios","990201","99","GENERICA","0201","BIJOUTERIE","","","","","","","","","","","","","","SIN LINEA EN PARTICULAR","SIN LINEA EN PARTICULAR","2088999094357","DAMAS/VARIOS/CLASICO/A","88","DAMAS","999","VARIOS","094","CLASICO","357","A","","","","","0.000","0.000","0.000","0.000","0.000","","","","Bijouterie","","","","","","","","","","","","","","","","","","","","","","","","","","","","","","","","","","","","","","","","","","","","","","","","","","","","","","","","","","","","","","","","","","","","","","","","",""
"SAP","210093500","K PULSERAS COMERCIAL (DISP 23)","UNI","P0599002994","020104","Pulseras","Accesorios","990201","99","GENERICA","0201","BIJOUTERIE","","","","","","","","","","","","","","SIN LINEA EN PARTICULAR","SIN LINEA EN PARTICULAR","2088999094357","DAMAS/VARIOS/CLASICO/A","88","DAMAS","999","VARIOS","094","CLASICO","357","A","","","","","0.000","0.000","0.000","0.000","0.000","","","","Bijouterie","","","","","","","","","","","","","","","","","","","","","","","","","","","","","","","","","","","","","","","","","","","","","","","","","","","","","","","","","","","","","","","","","","","","","","","","",""
"SAP","210093501","K PULSERAS COMERCIAL (DISP 24)","UNI","P0599002995","020104","Pulseras","Accesorios","990201","99","GENERICA","0201","BIJOUTERIE","","","","","","","","","","","","","","SIN LINEA EN PARTICULAR","SIN LINEA EN PARTICULAR","2088999094357","DAMAS/VARIOS/CLASICO/A","88","DAMAS","999","VARIOS","094","CLASICO","357","A","","","","","0.000","0.000","0.000","0.000","0.000","","","","Bijouterie","","","","","","","","","","","","","","","","","","","","","","","","","","","","","","","","","","","","","","","","","","","","","","","","","","","","","","","","","","","","","","","","","","","","","","","","",""
"SAP","210093502","K PULSERAS COMERCIAL (DISP 25)","UNI","P0599002996","020104","Pulseras","Accesorios","990201","99","GENERICA","0201","BIJOUTERIE","","","","","","","","","","","","","","SIN LINEA EN PARTICULAR","SIN LINEA EN PARTICULAR","2088999094357","DAMAS/VARIOS/CLASICO/A","88","DAMAS","999","VARIOS","094","CLASICO","357","A","","","","","0.000","0.000","0.000","0.000","0.000","","","","Bijouterie","","","","","","","","","","","","","","","","","","","","","","","","","","","","","","","","","","","","","","","","","","","","","","","","","","","","","","","","","","","","","","","","","","","","","","","","",""
"SAP","210093504","K ANILLOS COMERCIAL (DISP 01)","UNI","P0599002997","020105","Anillos","Accesorios","990201","99","GENERICA","0201","BIJOUTERIE","","","","","","","","","","","","","","SIN LINEA EN PARTICULAR","SIN LINEA EN PARTICULAR","2088999094357","DAMAS/VARIOS/CLASICO/A","88","DAMAS","999","VARIOS","094","CLASICO","357","A","","","","","0.000","0.000","0.000","0.000","0.000","","","","Bijouterie","","","","","","","","","","","","","","","","","","","","","","","","","","","","","","","","","","","","","","","","","","","","","","","","","","","","","","","","","","","","","","","","","","","","","","","","",""
"SAP","210093505","K ANILLOS COMERCIAL (DISP 02)","UNI","P0599002998","020105","Anillos","Accesorios","990201","99","GENERICA","0201","BIJOUTERIE","","","","","","","","","","","","","","SIN LINEA EN PARTICULAR","SIN LINEA EN PARTICULAR","2088999094357","DAMAS/VARIOS/CLASICO/A","88","DAMAS","999","VARIOS","094","CLASICO","357","A","","","","","0.000","0.000","0.000","0.000","0.000","","","","Bijouterie","","","","","","","","","","","","","","","","","","","","","","","","","","","","","","","","","","","","","","","","","","","","","","","","","","","","","","","","","","","","","","","","","","","","","","","","",""
"SAP","210093506","K ANILLOS COMERCIAL (DISP 03)","UNI","P0599002999","020105","Anillos","Accesorios","990201","99","GENERICA","0201","BIJOUTERIE","","","","","","","","","","","","","","SIN LINEA EN PARTICULAR","SIN LINEA EN PARTICULAR","2088999094357","DAMAS/VARIOS/CLASICO/A","88","DAMAS","999","VARIOS","094","CLASICO","357","A","","","","","0.000","0.000","0.000","0.000","0.000","","","","Bijouterie","","","","","","","","","","","","","","","","","","","","","","","","","","","","","","","","","","","","","","","","","","","","","","","","","","","","","","","","","","","","","","","","","","","","","","","","",""
"SAP","210093507","K ANILLOS COMERCIAL (DISP 04)","UNI","P0599003000","020105","Anillos","Accesorios","990201","99","GENERICA","0201","BIJOUTERIE","","","","","","","","","","","","","","SIN LINEA EN PARTICULAR","SIN LINEA EN PARTICULAR","2088999094357","DAMAS/VARIOS/CLASICO/A","88","DAMAS","999","VARIOS","094","CLASICO","357","A","","","","","0.000","0.000","0.000","0.000","0.000","","","","Bijouterie","","","","","","","","","","","","","","","","","","","","","","","","","","","","","","","","","","","","","","","","","","","","","","","","","","","","","","","","","","","","","","","","","","","","","","","","",""
"SAP","210093508","K ANILLOS COMERCIAL (DISP 05)","UNI","P0599003001","020105","Anillos","Accesorios","990201","99","GENERICA","0201","BIJOUTERIE","","","","","","","","","","","","","","SIN LINEA EN PARTICULAR","SIN LINEA EN PARTICULAR","2088999094357","DAMAS/VARIOS/CLASICO/A","88","DAMAS","999","VARIOS","094","CLASICO","357","A","","","","","0.000","0.000","0.000","0.000","0.000","","","","Bijouterie","","","","","","","","","","","","","","","","","","","","","","","","","","","","","","","","","","","","","","","","","","","","","","","","","","","","","","","","","","","","","","","","","","","","","","","","",""
"SAP","210093509","K ANILLOS COMERCIAL (DISP 06)","UNI","P0599003002","020105","Anillos","Accesorios","990201","99","GENERICA","0201","BIJOUTERIE","","","","","","","","","","","","","","SIN LINEA EN PARTICULAR","SIN LINEA EN PARTICULAR","2088999094357","DAMAS/VARIOS/CLASICO/A","88","DAMAS","999","VARIOS","094","CLASICO","357","A","","","","","0.000","0.000","0.000","0.000","0.000","","","","Bijouterie","","","","","","","","","","","","","","","","","","","","","","","","","","","","","","","","","","","","","","","","","","","","","","","","","","","","","","","","","","","","","","","","","","","","","","","","",""
"SAP","210093510","K ANILLOS COMERCIAL (DISP 07)","UNI","P0599003003","020105","Anillos","Accesorios","990201","99","GENERICA","0201","BIJOUTERIE","","","","","","","","","","","","","","SIN LINEA EN PARTICULAR","SIN LINEA EN PARTICULAR","2088999094357","DAMAS/VARIOS/CLASICO/A","88","DAMAS","999","VARIOS","094","CLASICO","357","A","","","","","0.000","0.000","0.000","0.000","0.000","","","","Bijouterie","","","","","","","","","","","","","","","","","","","","","","","","","","","","","","","","","","","","","","","","","","","","","","","","","","","","","","","","","","","","","","","","","","","","","","","","",""
"SAP","210093511","K ANILLOS COMERCIAL (DISP 08)","UNI","P0599003004","020105","Anillos","Accesorios","990201","99","GENERICA","0201","BIJOUTERIE","","","","","","","","","","","","","","SIN LINEA EN PARTICULAR","SIN LINEA EN PARTICULAR","2088999094357","DAMAS/VARIOS/CLASICO/A","88","DAMAS","999","VARIOS","094","CLASICO","357","A","","","","","0.000","0.000","0.000","0.000","0.000","","","","Bijouterie","","","","","","","","","","","","","","","","","","","","","","","","","","","","","","","","","","","","","","","","","","","","","","","","","","","","","","","","","","","","","","","","","","","","","","","","",""
"SAP","210093512","K ANILLOS COMERCIAL (DISP 09)","UNI","P0599003005","020105","Anillos","Accesorios","990201","99","GENERICA","0201","BIJOUTERIE","","","","","","","","","","","","","","SIN LINEA EN PARTICULAR","SIN LINEA EN PARTICULAR","2088999094357","DAMAS/VARIOS/CLASICO/A","88","DAMAS","999","VARIOS","094","CLASICO","357","A","","","","","0.000","0.000","0.000","0.000","0.000","","","","Bijouterie","","","","","","","","","","","","","","","","","","","","","","","","","","","","","","","","","","","","","","","","","","","","","","","","","","","","","","","","","","","","","","","","","","","","","","","","",""
"SAP","210093513","K ANILLOS COMERCIAL (DISP 10)","UNI","P0599003006","020105","Anillos","Accesorios","990201","99","GENERICA","0201","BIJOUTERIE","","","","","","","","","","","","","","SIN LINEA EN PARTICULAR","SIN LINEA EN PARTICULAR","2088999094357","DAMAS/VARIOS/CLASICO/A","88","DAMAS","999","VARIOS","094","CLASICO","357","A","","","","","0.000","0.000","0.000","0.000","0.000","","","","Bijouterie","","","","","","","","","","","","","","","","","","","","","","","","","","","","","","","","","","","","","","","","","","","","","","","","","","","","","","","","","","","","","","","","","","","","","","","","",""
"SAP","210093514","K ANILLOS COMERCIAL (DISP 11)","UNI","P0599003007","020105","Anillos","Accesorios","990201","99","GENERICA","0201","BIJOUTERIE","","","","","","","","","","","","","","SIN LINEA EN PARTICULAR","SIN LINEA EN PARTICULAR","2088999094357","DAMAS/VARIOS/CLASICO/A","88","DAMAS","999","VARIOS","094","CLASICO","357","A","","","","","0.000","0.000","0.000","0.000","0.000","","","","Bijouterie","","","","","","","","","","","","","","","","","","","","","","","","","","","","","","","","","","","","","","","","","","","","","","","","","","","","","","","","","","","","","","","","","","","","","","","","",""
"SAP","210093515","K ANILLOS COMERCIAL (DISP 12)","UNI","P0599003008","020105","Anillos","Accesorios","990201","99","GENERICA","0201","BIJOUTERIE","","","","","","","","","","","","","","SIN LINEA EN PARTICULAR","SIN LINEA EN PARTICULAR","2088999094357","DAMAS/VARIOS/CLASICO/A","88","DAMAS","999","VARIOS","094","CLASICO","357","A","","","","","0.000","0.000","0.000","0.000","0.000","","","","Bijouterie","","","","","","","","","","","","","","","","","","","","","","","","","","","","","","","","","","","","","","","","","","","","","","","","","","","","","","","","","","","","","","","","","","","","","","","","",""
"SAP","210093516","K ANILLOS COMERCIAL (DISP 13)","UNI","P0599003009","020105","Anillos","Accesorios","990201","99","GENERICA","0201","BIJOUTERIE","","","","","","","","","","","","","","SIN LINEA EN PARTICULAR","SIN LINEA EN PARTICULAR","2088999094357","DAMAS/VARIOS/CLASICO/A","88","DAMAS","999","VARIOS","094","CLASICO","357","A","","","","","0.000","0.000","0.000","0.000","0.000","","","","Bijouterie","","","","","","","","","","","","","","","","","","","","","","","","","","","","","","","","","","","","","","","","","","","","","","","","","","","","","","","","","","","","","","","","","","","","","","","","",""
"SAP","210093517","K ANILLOS COMERCIAL (DISP 14)","UNI","P0599003010","020105","Anillos","Accesorios","990201","99","GENERICA","0201","BIJOUTERIE","","","","","","","","","","","","","","SIN LINEA EN PARTICULAR","SIN LINEA EN PARTICULAR","2088999094357","DAMAS/VARIOS/CLASICO/A","88","DAMAS","999","VARIOS","094","CLASICO","357","A","","","","","0.000","0.000","0.000","0.000","0.000","","","","Bijouterie","","","","","","","","","","","","","","","","","","","","","","","","","","","","","","","","","","","","","","","","","","","","","","","","","","","","","","","","","","","","","","","","","","","","","","","","",""
"SAP","210093518","K ANILLOS COMERCIAL (DISP 15)","UNI","P0599003011","020105","Anillos","Accesorios","990201","99","GENERICA","0201","BIJOUTERIE","","","","","","","","","","","","","","SIN LINEA EN PARTICULAR","SIN LINEA EN PARTICULAR","2088999094357","DAMAS/VARIOS/CLASICO/A","88","DAMAS","999","VARIOS","094","CLASICO","357","A","","","","","0.000","0.000","0.000","0.000","0.000","","","","Bijouterie","","","","","","","","","","","","","","","","","","","","","","","","","","","","","","","","","","","","","","","","","","","","","","","","","","","","","","","","","","","","","","","","","","","","","","","","",""
"SAP","210093519","K ANILLOS COMERCIAL (DISP 16)","UNI","P0599003012","020105","Anillos","Accesorios","990201","99","GENERICA","0201","BIJOUTERIE","","","","","","","","","","","","","","SIN LINEA EN PARTICULAR","SIN LINEA EN PARTICULAR","2088999094357","DAMAS/VARIOS/CLASICO/A","88","DAMAS","999","VARIOS","094","CLASICO","357","A","","","","","0.000","0.000","0.000","0.000","0.000","","","","Bijouterie","","","","","","","","","","","","","","","","","","","","","","","","","","","","","","","","","","","","","","","","","","","","","","","","","","","","","","","","","","","","","","","","","","","","","","","","",""
"SAP","210093520","K ANILLOS COMERCIAL (DISP 17)","UNI","P0599003013","020105","Anillos","Accesorios","990201","99","GENERICA","0201","BIJOUTERIE","","","","","","","","","","","","","","SIN LINEA EN PARTICULAR","SIN LINEA EN PARTICULAR","2088999094357","DAMAS/VARIOS/CLASICO/A","88","DAMAS","999","VARIOS","094","CLASICO","357","A","","","","","0.000","0.000","0.000","0.000","0.000","","","","Bijouterie","","","","","","","","","","","","","","","","","","","","","","","","","","","","","","","","","","","","","","","","","","","","","","","","","","","","","","","","","","","","","","","","","","","","","","","","",""
"SAP","210093521","K ANILLOS COMERCIAL (DISP 18)","UNI","P0599003014","020105","Anillos","Accesorios","990201","99","GENERICA","0201","BIJOUTERIE","","","","","","","","","","","","","","SIN LINEA EN PARTICULAR","SIN LINEA EN PARTICULAR","2088999094357","DAMAS/VARIOS/CLASICO/A","88","DAMAS","999","VARIOS","094","CLASICO","357","A","","","","","0.000","0.000","0.000","0.000","0.000","","","","Bijouterie","","","","","","","","","","","","","","","","","","","","","","","","","","","","","","","","","","","","","","","","","","","","","","","","","","","","","","","","","","","","","","","","","","","","","","","","",""
"SAP","210093522","K ANILLOS COMERCIAL (DISP 19)","UNI","P0599003015","020105","Anillos","Accesorios","990201","99","GENERICA","0201","BIJOUTERIE","","","","","","","","","","","","","","SIN LINEA EN PARTICULAR","SIN LINEA EN PARTICULAR","2088999094357","DAMAS/VARIOS/CLASICO/A","88","DAMAS","999","VARIOS","094","CLASICO","357","A","","","","","0.000","0.000","0.000","0.000","0.000","","","","Bijouterie","","","","","","","","","","","","","","","","","","","","","","","","","","","","","","","","","","","","","","","","","","","","","","","","","","","","","","","","","","","","","","","","","","","","","","","","",""
"SAP","210093523","K ANILLOS COMERCIAL (DISP 20)","UNI","P0599003016","020105","Anillos","Accesorios","990201","99","GENERICA","0201","BIJOUTERIE","","","","","","","","","","","","","","SIN LINEA EN PARTICULAR","SIN LINEA EN PARTICULAR","2088999094357","DAMAS/VARIOS/CLASICO/A","88","DAMAS","999","VARIOS","094","CLASICO","357","A","","","","","0.000","0.000","0.000","0.000","0.000","","","","Bijouterie","","","","","","","","","","","","","","","","","","","","","","","","","","","","","","","","","","","","","","","","","","","","","","","","","","","","","","","","","","","","","","","","","","","","","","","","",""
"SAP","210093524","K ESTUCHES ART + COLL (DISP 1)","UNI","P0599002940","020106","Estuches","Accesorios","990201","99","GENERICA","0201","BIJOUTERIE","","","","","","","","","","","","","","SIN LINEA EN PARTICULAR","SIN LINEA EN PARTICULAR","2088999094357","DAMAS/VARIOS/CLASICO/A","88","DAMAS","999","VARIOS","094","CLASICO","357","A","","","","","0.000","0.000","0.000","0.000","0.000","","","","Bijouterie","","","","","","","","","","","","","","","","","","","","","","","","","","","","","","","","","","","","","","","","","","","","","","","","","","","","","","","","","","","","","","","","","","","","","","","","",""
"SAP","210093525","K ESTUCHES ART + COLL (DISP 2)","UNI","P0599002941","020106","Estuches","Accesorios","990201","99","GENERICA","0201","BIJOUTERIE","","","","","","","","","","","","","","SIN LINEA EN PARTICULAR","SIN LINEA EN PARTICULAR","2088999094357","DAMAS/VARIOS/CLASICO/A","88","DAMAS","999","VARIOS","094","CLASICO","357","A","","","","","0.000","0.000","0.000","0.000","0.000","","","","Bijouterie","","","","","","","","","","","","","","","","","","","","","","","","","","","","","","","","","","","","","","","","","","","","","","","","","","","","","","","","","","","","","","","","","","","","","","","","",""
"SAP","210093526","K ESTUCHES ART + COLL (DISP 3)","UNI","P0599002942","020106","Estuches","Accesorios","990201","99","GENERICA","0201","BIJOUTERIE","","","","","","","","","","","","","","SIN LINEA EN PARTICULAR","SIN LINEA EN PARTICULAR","2088999094357","DAMAS/VARIOS/CLASICO/A","88","DAMAS","999","VARIOS","094","CLASICO","357","A","","","","","0.000","0.000","0.000","0.000","0.000","","","","Bijouterie","","","","","","","","","","","","","","","","","","","","","","","","","","","","","","","","","","","","","","","","","","","","","","","","","","","","","","","","","","","","","","","","","","","","","","","","",""
"SAP","210093527","K ESTUCHES ART + COLL (DISP 4)","UNI","P0599002943","020106","Estuches","Accesorios","990201","99","GENERICA","0201","BIJOUTERIE","","","","","","","","","","","","","","SIN LINEA EN PARTICULAR","SIN LINEA EN PARTICULAR","2088999094357","DAMAS/VARIOS/CLASICO/A","88","DAMAS","999","VARIOS","094","CLASICO","357","A","","","","","0.000","0.000","0.000","0.000","0.000","","","","Bijouterie","","","","","","","","","","","","","","","","","","","","","","","","","","","","","","","","","","","","","","","","","","","","","","","","","","","","","","","","","","","","","","","","","","","","","","","","",""
"SAP","210093528","K ESTUCHES ART + COLL (DISP 5)","UNI","P0599002944","020106","Estuches","Accesorios","990201","99","GENERICA","0201","BIJOUTERIE","","","","","","","","","","","","","","SIN LINEA EN PARTICULAR","SIN LINEA EN PARTICULAR","2088999094357","DAMAS/VARIOS/CLASICO/A","88","DAMAS","999","VARIOS","094","CLASICO","357","A","","","","","0.000","0.000","0.000","0.000","0.000","","","","Bijouterie","","","","","","","","","","","","","","","","","","","","","","","","","","","","","","","","","","","","","","","","","","","","","","","","","","","","","","","","","","","","","","","","","","","","","","","","",""
"SAP","210093529","K ESTUCHES ART + COLL (DISP 6)","UNI","P0599002945","020106","Estuches","Accesorios","990201","99","GENERICA","0201","BIJOUTERIE","","","","","","","","","","","","","","SIN LINEA EN PARTICULAR","SIN LINEA EN PARTICULAR","2088999094357","DAMAS/VARIOS/CLASICO/A","88","DAMAS","999","VARIOS","094","CLASICO","357","A","","","","","0.000","0.000","0.000","0.000","0.000","","","","Bijouterie","","","","","","","","","","","","","","","","","","","","","","","","","","","","","","","","","","","","","","","","","","","","","","","","","","","","","","","","","","","","","","","","","","","","","","","","",""
"SAP","210093530","K ESTUCHES ART + COLL (DISP 7)","UNI","P0599002946","020106","Estuches","Accesorios","990201","99","GENERICA","0201","BIJOUTERIE","","","","","","","","","","","","","","SIN LINEA EN PARTICULAR","SIN LINEA EN PARTICULAR","2088999094357","DAMAS/VARIOS/CLASICO/A","88","DAMAS","999","VARIOS","094","CLASICO","357","A","","","","","0.000","0.000","0.000","0.000","0.000","","","","Bijouterie","","","","","","","","","","","","","","","","","","","","","","","","","","","","","","","","","","","","","","","","","","","","","","","","","","","","","","","","","","","","","","","","","","","","","","","","",""
"SAP","210093531","K ESTUCHES ART + COLL (DISP 8)","UNI","P0599002947","020106","Estuches","Accesorios","990201","99","GENERICA","0201","BIJOUTERIE","","","","","","","","","","","","","","SIN LINEA EN PARTICULAR","SIN LINEA EN PARTICULAR","2088999094357","DAMAS/VARIOS/CLASICO/A","88","DAMAS","999","VARIOS","094","CLASICO","357","A","","","","","0.000","0.000","0.000","0.000","0.000","","","","Bijouterie","","","","","","","","","","","","","","","","","","","","","","","","","","","","","","","","","","","","","","","","","","","","","","","","","","","","","","","","","","","","","","","","","","","","","","","","",""
"SAP","210093532","K ESTUCHES ART + COLL (DISP 9)","UNI","P0599002948","020106","Estuches","Accesorios","990201","99","GENERICA","0201","BIJOUTERIE","","","","","","","","","","","","","","SIN LINEA EN PARTICULAR","SIN LINEA EN PARTICULAR","2088999094357","DAMAS/VARIOS/CLASICO/A","88","DAMAS","999","VARIOS","094","CLASICO","357","A","","","","","0.000","0.000","0.000","0.000","0.000","","","","Bijouterie","","","","","","","","","","","","","","","","","","","","","","","","","","","","","","","","","","","","","","","","","","","","","","","","","","","","","","","","","","","","","","","","","","","","","","","","",""
"SAP","210093533","K ESTUCHES ART+ COLL (DISP 10)","UNI","P0599002949","020106","Estuches","Accesorios","990201","99","GENERICA","0201","BIJOUTERIE","","","","","","","","","","","","","","SIN LINEA EN PARTICULAR","SIN LINEA EN PARTICULAR","2088999094357","DAMAS/VARIOS/CLASICO/A","88","DAMAS","999","VARIOS","094","CLASICO","357","A","","","","","0.000","0.000","0.000","0.000","0.000","","","","Bijouterie","","","","","","","","","","","","","","","","","","","","","","","","","","","","","","","","","","","","","","","","","","","","","","","","","","","","","","","","","","","","","","","","","","","","","","","","",""
"SAP","210093534","K ESTUCHES ART+ COLL (DISP 11)","UNI","P0599002950","020106","Estuches","Accesorios","990201","99","GENERICA","0201","BIJOUTERIE","","","","","","","","","","","","","","SIN LINEA EN PARTICULAR","SIN LINEA EN PARTICULAR","2088999094357","DAMAS/VARIOS/CLASICO/A","88","DAMAS","999","VARIOS","094","CLASICO","357","A","","","","","0.000","0.000","0.000","0.000","0.000","","","","Bijouterie","","","","","","","","","","","","","","","","","","","","","","","","","","","","","","","","","","","","","","","","","","","","","","","","","","","","","","","","","","","","","","","","","","","","","","","","",""
"SAP","210093535","K ESTUCHES ART+ COLL (DISP 12)","UNI","P0599002951","020106","Estuches","Accesorios","990201","99","GENERICA","0201","BIJOUTERIE","","","","","","","","","","","","","","SIN LINEA EN PARTICULAR","SIN LINEA EN PARTICULAR","2088999094357","DAMAS/VARIOS/CLASICO/A","88","DAMAS","999","VARIOS","094","CLASICO","357","A","","","","","0.000","0.000","0.000","0.000","0.000","","","","Bijouterie","","","","","","","","","","","","","","","","","","","","","","","","","","","","","","","","","","","","","","","","","","","","","","","","","","","","","","","","","","","","","","","","","","","","","","","","",""
"SAP","210093536","K ESTUCHES ART+ COLL (DISP 13)","UNI","P0599002952","020106","Estuches","Accesorios","990201","99","GENERICA","0201","BIJOUTERIE","","","","","","","","","","","","","","SIN LINEA EN PARTICULAR","SIN LINEA EN PARTICULAR","2088999094357","DAMAS/VARIOS/CLASICO/A","88","DAMAS","999","VARIOS","094","CLASICO","357","A","","","","","0.000","0.000","0.000","0.000","0.000","","","","Bijouterie","","","","","","","","","","","","","","","","","","","","","","","","","","","","","","","","","","","","","","","","","","","","","","","","","","","","","","","","","","","","","","","","","","","","","","","","",""
"SAP","210093537","K ESTUCHES ART+ COLL (DISP 14)","UNI","P0599002953","020106","Estuches","Accesorios","990201","99","GENERICA","0201","BIJOUTERIE","","","","","","","","","","","","","","SIN LINEA EN PARTICULAR","SIN LINEA EN PARTICULAR","2088999094357","DAMAS/VARIOS/CLASICO/A","88","DAMAS","999","VARIOS","094","CLASICO","357","A","","","","","0.000","0.000","0.000","0.000","0.000","","","","Bijouterie","","","","","","","","","","","","","","","","","","","","","","","","","","","","","","","","","","","","","","","","","","","","","","","","","","","","","","","","","","","","","","","","","","","","","","","","",""
"SAP","210093538","K ESTUCHES ART+ COLL (DISP 15)","UNI","P0599002954","020106","Estuches","Accesorios","990201","99","GENERICA","0201","BIJOUTERIE","","","","","","","","","","","","","","SIN LINEA EN PARTICULAR","SIN LINEA EN PARTICULAR","2088999094357","DAMAS/VARIOS/CLASICO/A","88","DAMAS","999","VARIOS","094","CLASICO","357","A","","","","","0.000","0.000","0.000","0.000","0.000","","","","Bijouterie","","","","","","","","","","","","","","","","","","","","","","","","","","","","","","","","","","","","","","","","","","","","","","","","","","","","","","","","","","","","","","","","","","","","","","","","",""
"SAP","210093539","K ESTUCHES ART+ COLL (DISP 16)","UNI","P0599002955","020106","Estuches","Accesorios","990201","99","GENERICA","0201","BIJOUTERIE","","","","","","","","","","","","","","SIN LINEA EN PARTICULAR","SIN LINEA EN PARTICULAR","2088999094357","DAMAS/VARIOS/CLASICO/A","88","DAMAS","999","VARIOS","094","CLASICO","357","A","","","","","0.000","0.000","0.000","0.000","0.000","","","","Bijouterie","","","","","","","","","","","","","","","","","","","","","","","","","","","","","","","","","","","","","","","","","","","","","","","","","","","","","","","","","","","","","","","","","","","","","","","","",""
"SAP","210093540","K ESTUCHES ART+ COLL (DISP 17)","UNI","P0599002956","020106","Estuches","Accesorios","990201","99","GENERICA","0201","BIJOUTERIE","","","","","","","","","","","","","","SIN LINEA EN PARTICULAR","SIN LINEA EN PARTICULAR","2088999094357","DAMAS/VARIOS/CLASICO/A","88","DAMAS","999","VARIOS","094","CLASICO","357","A","","","","","0.000","0.000","0.000","0.000","0.000","","","","Bijouterie","","","","","","","","","","","","","","","","","","","","","","","","","","","","","","","","","","","","","","","","","","","","","","","","","","","","","","","","","","","","","","","","","","","","","","","","",""
"SAP","210093541","K ESTUCHES ART+ COLL (DISP 18)","UNI","P0599002957","020106","Estuches","Accesorios","990201","99","GENERICA","0201","BIJOUTERIE","","","","","","","","","","","","","","SIN LINEA EN PARTICULAR","SIN LINEA EN PARTICULAR","2088999094357","DAMAS/VARIOS/CLASICO/A","88","DAMAS","999","VARIOS","094","CLASICO","357","A","","","","","0.000","0.000","0.000","0.000","0.000","","","","Bijouterie","","","","","","","","","","","","","","","","","","","","","","","","","","","","","","","","","","","","","","","","","","","","","","","","","","","","","","","","","","","","","","","","","","","","","","","","",""
"SAP","210093542","K ESTUCHES ART+ COLL (DISP 19)","UNI","P0599002958","020106","Estuches","Accesorios","990201","99","GENERICA","0201","BIJOUTERIE","","","","","","","","","","","","","","SIN LINEA EN PARTICULAR","SIN LINEA EN PARTICULAR","2088999094357","DAMAS/VARIOS/CLASICO/A","88","DAMAS","999","VARIOS","094","CLASICO","357","A","","","","","0.000","0.000","0.000","0.000","0.000","","","","Bijouterie","","","","","","","","","","","","","","","","","","","","","","","","","","","","","","","","","","","","","","","","","","","","","","","","","","","","","","","","","","","","","","","","","","","","","","","","",""
"SAP","210093543","K ESTUCHES ART+ COLL (DISP 20)","UNI","P0599002959","020106","Estuches","Accesorios","990201","99","GENERICA","0201","BIJOUTERIE","","","","","","","","","","","","","","SIN LINEA EN PARTICULAR","SIN LINEA EN PARTICULAR","2088999094357","DAMAS/VARIOS/CLASICO/A","88","DAMAS","999","VARIOS","094","CLASICO","357","A","","","","","0.000","0.000","0.000","0.000","0.000","","","","Bijouterie","","","","","","","","","","","","","","","","","","","","","","","","","","","","","","","","","","","","","","","","","","","","","","","","","","","","","","","","","","","","","","","","","","","","","","","","",""
"SAP","210093544","K ESTUCHES ART+ COLL (DISP 21)","UNI","P0599002960","020106","Estuches","Accesorios","990201","99","GENERICA","0201","BIJOUTERIE","","","","","","","","","","","","","","SIN LINEA EN PARTICULAR","SIN LINEA EN PARTICULAR","2088999094357","DAMAS/VARIOS/CLASICO/A","88","DAMAS","999","VARIOS","094","CLASICO","357","A","","","","","0.000","0.000","0.000","0.000","0.000","","","","Bijouterie","","","","","","","","","","","","","","","","","","","","","","","","","","","","","","","","","","","","","","","","","","","","","","","","","","","","","","","","","","","","","","","","","","","","","","","","",""
"SAP","210093545","K ESTUCHES ART+ COLL (DISP 22)","UNI","P0599002961","020106","Estuches","Accesorios","990201","99","GENERICA","0201","BIJOUTERIE","","","","","","","","","","","","","","SIN LINEA EN PARTICULAR","SIN LINEA EN PARTICULAR","2088999094357","DAMAS/VARIOS/CLASICO/A","88","DAMAS","999","VARIOS","094","CLASICO","357","A","","","","","0.000","0.000","0.000","0.000","0.000","","","","Bijouterie","","","","","","","","","","","","","","","","","","","","","","","","","","","","","","","","","","","","","","","","","","","","","","","","","","","","","","","","","","","","","","","","","","","","","","","","",""
"SAP","210093546","K ESTUCHES ART+ COLL (DISP 23)","UNI","P0599002962","020106","Estuches","Accesorios","990201","99","GENERICA","0201","BIJOUTERIE","","","","","","","","","","","","","","SIN LINEA EN PARTICULAR","SIN LINEA EN PARTICULAR","2088999094357","DAMAS/VARIOS/CLASICO/A","88","DAMAS","999","VARIOS","094","CLASICO","357","A","","","","","0.000","0.000","0.000","0.000","0.000","","","","Bijouterie","","","","","","","","","","","","","","","","","","","","","","","","","","","","","","","","","","","","","","","","","","","","","","","","","","","","","","","","","","","","","","","","","","","","","","","","",""
"SAP","210093547","K ESTUCHES ART+ COLL (DISP 24)","UNI","P0599002963","020106","Estuches","Accesorios","990201","99","GENERICA","0201","BIJOUTERIE","","","","","","","","","","","","","","SIN LINEA EN PARTICULAR","SIN LINEA EN PARTICULAR","2088999094357","DAMAS/VARIOS/CLASICO/A","88","DAMAS","999","VARIOS","094","CLASICO","357","A","","","","","0.000","0.000","0.000","0.000","0.000","","","","Bijouterie","","","","","","","","","","","","","","","","","","","","","","","","","","","","","","","","","","","","","","","","","","","","","","","","","","","","","","","","","","","","","","","","","","","","","","","","",""
"SAP","210093548","K ESTUCHES ART+ COLL (DISP 25)","UNI","P0599002964","020106","Estuches","Accesorios","990201","99","GENERICA","0201","BIJOUTERIE","","","","","","","","","","","","","","SIN LINEA EN PARTICULAR","SIN LINEA EN PARTICULAR","2088999094357","DAMAS/VARIOS/CLASICO/A","88","DAMAS","999","VARIOS","094","CLASICO","357","A","","","","","0.000","0.000","0.000","0.000","0.000","","","","Bijouterie","","","","","","","","","","","","","","","","","","","","","","","","","","","","","","","","","","","","","","","","","","","","","","","","","","","","","","","","","","","","","","","","","","","","","","","","",""
"SAP","210093549","K ESTUCHES ART+ COLL (DISP 26)","UNI","P0599002965","020106","Estuches","Accesorios","990201","99","GENERICA","0201","BIJOUTERIE","","","","","","","","","","","","","","SIN LINEA EN PARTICULAR","SIN LINEA EN PARTICULAR","2088999094357","DAMAS/VARIOS/CLASICO/A","88","DAMAS","999","VARIOS","094","CLASICO","357","A","","","","","0.000","0.000","0.000","0.000","0.000","","","","Bijouterie","","","","","","","","","","","","","","","","","","","","","","","","","","","","","","","","","","","","","","","","","","","","","","","","","","","","","","","","","","","","","","","","","","","","","","","","",""
"SAP","210093550","K ESTUCHES ART+ COLL (DISP 27)","UNI","P0599002966","020106","Estuches","Accesorios","990201","99","GENERICA","0201","BIJOUTERIE","","","","","","","","","","","","","","SIN LINEA EN PARTICULAR","SIN LINEA EN PARTICULAR","2088999094357","DAMAS/VARIOS/CLASICO/A","88","DAMAS","999","VARIOS","094","CLASICO","357","A","","","","","0.000","0.000","0.000","0.000","0.000","","","","Bijouterie","","","","","","","","","","","","","","","","","","","","","","","","","","","","","","","","","","","","","","","","","","","","","","","","","","","","","","","","","","","","","","","","","","","","","","","","",""
"SAP","210093551","K ESTUCHES ART+ COLL (DISP 28)","UNI","P0599002967","020106","Estuches","Accesorios","990201","99","GENERICA","0201","BIJOUTERIE","","","","","","","","","","","","","","SIN LINEA EN PARTICULAR","SIN LINEA EN PARTICULAR","2088999094357","DAMAS/VARIOS/CLASICO/A","88","DAMAS","999","VARIOS","094","CLASICO","357","A","","","","","0.000","0.000","0.000","0.000","0.000","","","","Bijouterie","","","","","","","","","","","","","","","","","","","","","","","","","","","","","","","","","","","","","","","","","","","","","","","","","","","","","","","","","","","","","","","","","","","","","","","","",""
"SAP","210093552","K ESTUCHES ART+ COLL (DISP 29)","UNI","P0599002968","020106","Estuches","Accesorios","990201","99","GENERICA","0201","BIJOUTERIE","","","","","","","","","","","","","","SIN LINEA EN PARTICULAR","SIN LINEA EN PARTICULAR","2088999094357","DAMAS/VARIOS/CLASICO/A","88","DAMAS","999","VARIOS","094","CLASICO","357","A","","","","","0.000","0.000","0.000","0.000","0.000","","","","Bijouterie","","","","","","","","","","","","","","","","","","","","","","","","","","","","","","","","","","","","","","","","","","","","","","","","","","","","","","","","","","","","","","","","","","","","","","","","",""
"SAP","210093553","K ESTUCHES ART+ COLL (DISP 30)","UNI","P0599002969","020106","Estuches","Accesorios","990201","99","GENERICA","0201","BIJOUTERIE","","","","","","","","","","","","","","SIN LINEA EN PARTICULAR","SIN LINEA EN PARTICULAR","2088999094357","DAMAS/VARIOS/CLASICO/A","88","DAMAS","999","VARIOS","094","CLASICO","357","A","","","","","0.000","0.000","0.000","0.000","0.000","","","","Bijouterie","","","","","","","","","","","","","","","","","","","","","","","","","","","","","","","","","","","","","","","","","","","","","","","","","","","","","","","","","","","","","","","","","","","","","","","","",""
"SAP","210093554","K ESTUCHES ART+ COLL (DISP 31)","UNI","P0599002970","020106","Estuches","Accesorios","990201","99","GENERICA","0201","BIJOUTERIE","","","","","","","","","","","","","","SIN LINEA EN PARTICULAR","SIN LINEA EN PARTICULAR","2088999094357","DAMAS/VARIOS/CLASICO/A","88","DAMAS","999","VARIOS","094","CLASICO","357","A","","","","","0.000","0.000","0.000","0.000","0.000","","","","Bijouterie","","","","","","","","","","","","","","","","","","","","","","","","","","","","","","","","","","","","","","","","","","","","","","","","","","","","","","","","","","","","","","","","","","","","","","","","",""
"SAP","210093555","K ESTUCHES ART+ COLL (DISP 32)","UNI","P0599002971","020106","Estuches","Accesorios","990201","99","GENERICA","0201","BIJOUTERIE","","","","","","","","","","","","","","SIN LINEA EN PARTICULAR","SIN LINEA EN PARTICULAR","2088999094357","DAMAS/VARIOS/CLASICO/A","88","DAMAS","999","VARIOS","094","CLASICO","357","A","","","","","0.000","0.000","0.000","0.000","0.000","","","","Bijouterie","","","","","","","","","","","","","","","","","","","","","","","","","","","","","","","","","","","","","","","","","","","","","","","","","","","","","","","","","","","","","","","","","","","","","","","","",""
"SAP","210093427","FI STAR MITCHELLA PEN","UNI","P0591344338","020101","Aretes","Accesorios","020201","02","ESIKA","0201","BIJOUTERIE","","","","","","","","","","","","","","ESIKA ACCESORIOS","ESIKA ACCESORIOS","2021165101407","BIJOUTERIE/DAMAS/ARETES/ORO CON PERLAS","21","BIJOUTERIE","165","DAMAS","101","ARETES","407","ORO CON PERLAS","","","","","0.000","0.000","0.000","0.000","0.000","","","","Bijouterie","","","","","","","","","","","","","","","","","","","","","","","","","","","","","","","","","","","","","","","","","","","","","","","","","","","","","","","","","","","","","","","","","","","","","","","","",""
"SAP","400083867","AGENDA ESIKA SE + BOLIGRAFO","UNI","P0907221254","0503","Material Apoyo Venta","Apoyo","99050","99","GENERICA","050","NEGOCIOS DE APOYO","","","","","","","","","","","","","","","","","","","","","","","","","","","","","","10.000","35.500","0.004","10.010","0.010","MM","CM3","G","","","","","","","","","","","","","","","","","","","","","","","","","","","","","","","","","","","","","","","","","","","","","","","","","","","","","","","","","","","","","","","","","","","","","","","","","",""
"SAP","220042419","MALETIN Y BILLETERA BURGUNDY","UNI","P0976267057","0502","Incentivos","Apoyo","99050","99","GENERICA","050","NEGOCIOS DE APOYO","","","","","","","","","","","","","","","","","","","","","","","","","","","","","","44.000","21.500","28.853","950.000","30.500","MM","CM3","G","","","","","","","","","","","","","","","","","","","","","","","","","","","","","","","","","","","","","","","","","","","","","","","","","","","","","","","","","","","","","","","","","","","","","","","","","",""
"SAP","220042421","BICICLETA GIANT  INCENT GZ","UNI","P0976223327","0502","Incentivos","Apoyo","99050","99","GENERICA","050","NEGOCIOS DE APOYO","","","","","","","","","","","","","","","","","","","","","","","","","","","","","","755.000","124.000","9174.760","3000.000","98.000","MM","CM3","G","","","","","","","","","","","","","","","","","","","","","","","","","","","","","","","","","","","","","","","","","","","","","","","","","","","","","","","","","","","","","","","","","","","","","","","","","",""
"SAP","220042422","MOCHILA Y BILLETERA CAMEL","UNI","P0976267058","0502","Incentivos","Apoyo","99050","99","GENERICA","050","NEGOCIOS DE APOYO","","","","","","","","","","","","","","","","","","","","","","","","","","","","","","23.000","12.500","8625.000","750.000","30.000","CM","CM3","G","","","","","","","","","","","","","","","","","","","","","","","","","","","","","","","","","","","","","","","","","","","","","","","","","","","","","","","","","","","","","","","","","","","","","","","","","",""
"SAP","400083871","REVISTA GANA C07 PROVINCIA -P8","UNI","P0907221255","0503","Material Apoyo Venta","Apoyo","99050","99","GENERICA","050","NEGOCIOS DE APOYO","","","","","","","","","","","","","","","","","","","","","","","","","","","","","","300.000","250.000","600.000","50.000","8.000","MM","CM3","G","","","","","","","","","","","","","","","","","","","","","","","","","","","","","","","","","","","","","","","","","","","","","","","","","","","","","","","","","","","","","","","","","","","","","","","","","",""
